b158e0ed2b4f1492a7ce90e4a06062396d4b5ef2b0207f843c67bf8463a93f80	84916	black_cloth_raider_3203418b/VFX/frame-0.png
1910e8c0f642d7b182c64cc0f34d3b1feacc1e9dac3920f43e64998c593113e2	136569	black_cloth_raider_3203418b/VFX/frame-1.png
32a8088b2bc5b7e1aef6c890e702cc30ee42491a063044cf44237e07eb892eab	237415	black_cloth_raider_3203418b/VFX/frame-2.png
fde96e15166e948c8367ed4a06007219ffb561fda12ba5531e619f8fd54c1979	44388	black_cloth_raider_3203418b/VFX/frame-3.png
6702f11731c6867a886495e57cbb89af008316951bc7568b612eebeddb2f8890	371	black_cloth_raider_3203418b/VFX/transform-manifest.json
b46fe8d0cb0d4ad710d520e14697be9d12b59455aa51bd51d813f330f2702c23	1326273	black_cloth_raider_3e3d6984/BasicAttack/background-removed.png
68239c24b977060bbba58e0f4a07ee8db420bdec4d710dc04b49f96356376791	306345	black_cloth_raider_3e3d6984/BasicAttack/frame-0.png
62e93c011d0703f5d36023e23c10eba1fc555e8b768666795b392ab4afe1382a	282771	black_cloth_raider_3e3d6984/BasicAttack/frame-1.png
c7ac35d79c5e0481d73cf35fcf7532e0cb0b3352b2c34a1cb4829e9e93419764	318796	black_cloth_raider_3e3d6984/BasicAttack/frame-2.png
cd34d78ff4e4f469bd18038fbc47d9484fe5d96aa43b4d79b231044cd91e5ee0	278581	black_cloth_raider_3e3d6984/BasicAttack/frame-3.png
b86a2b04f795e120dc730e1c7f54e03abd16ea2319e9707d130de02a6f47b365	246	black_cloth_raider_3e3d6984/BasicAttack/frame-manifest.json
f0a7c773d3f7e55fd3a049ad6b81b7fe675e02de8e430b4a6980f72bd889db1d	1345578	black_cloth_raider_3e3d6984/BasicAttack/imagegen-source.png
6fd050f3e8e196cb55b6b760bc7c2f23722fb9b16f35aab84c9b65d0fe952618	2272007	black_cloth_raider_682d1f05/Move/background-removed.png
a6755692d383f363322cdcf1c9afc14d623e3fb4fea586fad703632c66c4b9b1	345902	black_cloth_raider_682d1f05/Move/frame-0.png
7f6e5d30f779545c760b3a7747bb509cefa6be94325d52625131cc91111ba2a6	308752	black_cloth_raider_682d1f05/Move/frame-1.png
e8156f2b47fc02b40937d5583e829d35f7ed38be6b985a132e795c0cf166aed0	334871	black_cloth_raider_682d1f05/Move/frame-2.png
c4afdbaef100c7e8cb976623d1930c1bb7da7a5d519c406fc31591251448ae19	325044	black_cloth_raider_682d1f05/Move/frame-3.png
4c53d817b2a31d7ed97cc340e38261bfeba34c115cae67c430a1b57fed241e90	239	black_cloth_raider_682d1f05/Move/frame-manifest.json
1c9fcfa63683ff6af9483bf9a7a479f960c586f457aaf1739baad65fc5c0032d	2272231	black_cloth_raider_682d1f05/Move/imagegen-source.png
b200d3c831cffd786627d51a619732eeffcaf59c03696647f3cba5cac0cda1ac	2093344	black_cloth_raider_70ba2652/Death/background-removed.png
366023330b21102bd4c1abefdd47297974e3e2adbf6439b72bc5478bb92ed097	378617	black_cloth_raider_70ba2652/Death/frame-0.png
65b610eab417f9c2fc10a940797fe2029591170942b004851b8bc1169829a415	282478	black_cloth_raider_70ba2652/Death/frame-1.png
00745546496deea80988ccdcd0419a38cd0d6778d0c56b1c6627b2c507723f49	234047	black_cloth_raider_70ba2652/Death/frame-2.png
5263ee92552589063e7d22871e4360ea058092e9188d3076b841dc704d6dc36f	214066	black_cloth_raider_70ba2652/Death/frame-3.png
ce05b3fb4a518f7adab3dbca52207363be4a5b69543a0debfabeac722a55e05a	240	black_cloth_raider_70ba2652/Death/frame-manifest.json
84995f162ee21e3c27790fa59b1af5da90ffbf7929a31faf943ffce8c5cc0ea1	2093608	black_cloth_raider_70ba2652/Death/imagegen-source.png
06d3718fb50bbf445ceeb7e81119dba14d4bd25f4c18edb149cf540eb915f3ca	196448	black_cloth_raider_a39a735c/Idle/frame-0.png
7cd52b69963730abb8767d6ed4e9b67152fa139637917f7ba9f34d75200323c0	195827	black_cloth_raider_a39a735c/Idle/frame-1.png
7ac8c5c59865c792752bda205a4d10f42ea9cdd6a3df7dfd00ce3daffeaab805	194657	black_cloth_raider_a39a735c/Idle/frame-2.png
c16e786130e3bfcf8fb414de9461ed31510336d2b210fe6d4f040af69ef5beb3	196612	black_cloth_raider_a39a735c/Idle/frame-3.png
768b7e9a220634f771070d054be95301dbcf351d771a1bea75102caf30f8f7b5	372	black_cloth_raider_a39a735c/Idle/transform-manifest.json
a984ed87c53094f0a61019f705af27db58c18089b8a39a676de66020786d69db	2360015	black_cloth_raider_abdfcb91/Stun/background-removed.png
0c794926238e4a158d7a043a562e7d7687a5eb5b98d147b45d41d3ba741dd067	371473	black_cloth_raider_abdfcb91/Stun/frame-0.png
d53d1f36ee1840cddb50af7c5a345af1244a30aca89158bf6838d0f598e69c00	326441	black_cloth_raider_abdfcb91/Stun/frame-1.png
3b85e7e07430e0524ef2df78d085cf7508fe0a7b107fea6fcd67fcf93b5e5ff6	383700	black_cloth_raider_abdfcb91/Stun/frame-2.png
1cee9e0bcb664da26132307784bfa4eabeebf7bbbbab475f37e6e5da5327b155	356869	black_cloth_raider_abdfcb91/Stun/frame-3.png
3e63b14e689467028bd3fbe6fb539af7e1ebc6dc2cf0c983d62f8761963f46a5	239	black_cloth_raider_abdfcb91/Stun/frame-manifest.json
8c5a5c6078a80f74a8775d2c4756a9e5d71074d50d1a1da2dc3a56d65847b01d	2360451	black_cloth_raider_abdfcb91/Stun/imagegen-source.png
855a585052bb3f5a71d5af2d140f3d1d7bcaa76d8b65166693caa6c6efafb8fd	382975	black_cloth_raider_cf99bf17/Death/frame-0.png
926e3119ecb850aeb354bfdacf9cc2f346d345eb2cd39d62688d212743f0e252	335602	black_cloth_raider_cf99bf17/Death/frame-1.png
a6ce954e71aa138f208d9a832637dbe67792585011cbd291e7d767318fc71f4c	234018	black_cloth_raider_cf99bf17/Death/frame-2.png
e5a481299ac58201317d56fdefe44b418f591af08a8f0b6458be2333891f5fe1	214020	black_cloth_raider_cf99bf17/Death/frame-3.png
e44d0021749816a60e9ad8aa31f966647d5caab6bb038bf1150484a3bbcf1ace	373	black_cloth_raider_cf99bf17/Death/transform-manifest.json
1b85ac2041d265248080ca41fbe04f127cae7fb0f39c78a268d60d20cb8dbfe4	110878	chain_dragger_raider_148b70e3/VFX/frame-0.png
11a2375f3330055d7655903fedf1c52340805879a9ca47264c9cb81fb9256d0f	199386	chain_dragger_raider_148b70e3/VFX/frame-1.png
8a506a0d1b51f63d2c6a291510f28600cdf66088e2860279937fdb627eda5adf	209921	chain_dragger_raider_148b70e3/VFX/frame-2.png
87fc8dea9a3e8af6e7cdd45cff41c85da3b8b9a43133709782f831ea4e5aa9ec	66074	chain_dragger_raider_148b70e3/VFX/frame-3.png
fef381114f73d9b48b8abe1808dcb24fc19bacb3d65e7940eaddbd5f7de95695	373	chain_dragger_raider_148b70e3/VFX/transform-manifest.json
28994023dd1ac862d3bd10cbfcb28b79903f1186fb427c1ef3f2b82faaf0fb33	1543249	chain_dragger_raider_427c8281/Move/background-removed.png
bebc30a8c1d3e356ea31621a58e45f2983a7707750d4385a7ec48fc458538f75	204318	chain_dragger_raider_427c8281/Move/frame-0.png
d756f35db85a0a028411740d4502190aa048a2faad6dee2215110ef078bb200f	200482	chain_dragger_raider_427c8281/Move/frame-1.png
586c5f15d67237aab3ea72ee4f498cfdba57c98ace1cb275e086dc033c798b77	206616	chain_dragger_raider_427c8281/Move/frame-2.png
0057d0d69b7d644e73472544e79f29b971dacd8efeac0c8eb4539aee495aff19	197084	chain_dragger_raider_427c8281/Move/frame-3.png
8796130f85fef7f3499cf42bfbeaba4f30ca29ba5ad6496725f13af9d0bdefc0	241	chain_dragger_raider_427c8281/Move/frame-manifest.json
746d2e9d007473e357b4466ee0ae8ce09effdbd96661175daffa0944fc596662	1490430	chain_dragger_raider_427c8281/Move/imagegen-source.png
bc01c4be3678b4169549da2f47b317436c4ce2b6723ab2e99bb04ac5eea26524	1776346	chain_dragger_raider_a7fe667b/Stun/background-removed.png
2294c17a334492c9038a8bcd1ecaccfc020bffe8c567615c62ea98c21df16320	281378	chain_dragger_raider_a7fe667b/Stun/frame-0.png
0a5153a755489cac3f370beece7121d5b50d334f2cfd7c4fec33f04f40671518	250273	chain_dragger_raider_a7fe667b/Stun/frame-1.png
7083170cd7e1df9547dabdabef5d6f277c6cfc73f556b4b77511087d2d760625	254334	chain_dragger_raider_a7fe667b/Stun/frame-2.png
f4489023440ddf2ab84b552ff79f659231bd54e64b005e3fe215e99b9c790e76	253953	chain_dragger_raider_a7fe667b/Stun/frame-3.png
a253c4ca74abfb95754cd5cab2cd7e11b7a183885d783d0d760a02bb29abbc16	241	chain_dragger_raider_a7fe667b/Stun/frame-manifest.json
56e517a224a7c5bd087f266f1f238217df874c3e3e2c861d1200dbc73eed75a4	1711960	chain_dragger_raider_a7fe667b/Stun/imagegen-source.png
81a3e9f0f2c3127375dfe11104e41cdc4ffdef20c93415dc5207bc2a241e873a	221688	chain_dragger_raider_ef840ac7/Death/frame-0.png
fa6ca17696f54add344e556d79c3e444c76f26642860ca25dcd2f77f91cf48e9	202780	chain_dragger_raider_ef840ac7/Death/frame-1.png
ba03d23f04de0227bb2cf336856b10de18d68b88e350ebd6763eddd0085b2ecf	149417	chain_dragger_raider_ef840ac7/Death/frame-2.png
0a598fa0c922e8ed77217e61323d7b1eda35b9f2fd1d2fcb5135d8fff7f97fdc	146595	chain_dragger_raider_ef840ac7/Death/frame-3.png
d69678a972ebab136370fb3df82cd2017c18544b710ce6776ae19f4609e6ec6a	375	chain_dragger_raider_ef840ac7/Death/transform-manifest.json
dabb623b965c14ede067f33913645a953d2d682e3f9b13ccb9fad845ea36ca41	1697988	chain_dragger_raider_f6b8b127/Idle/background-removed.png
3d7c25af01939b8d5c9c270e2fa42953918c6fcb7367ee8f02224f3efe63e593	246787	chain_dragger_raider_f6b8b127/Idle/frame-0.png
0ca60ecb945c4b43587bbf8aec8c38d06c7a986469dca569c89f3c2be8d7dbaf	245420	chain_dragger_raider_f6b8b127/Idle/frame-1.png
ae672c7df6a2c584042d0d3a4935360d8a160b14c427c7afdd81fb033c12aa73	238323	chain_dragger_raider_f6b8b127/Idle/frame-2.png
bb9c2eeeea622868a6a409ec84b3a739e17677ada631da23551a2efe61093285	243526	chain_dragger_raider_f6b8b127/Idle/frame-3.png
d040dfa39d7829d95f15f39b4f7d9881d0801eb0b86f7925b08451324441260f	241	chain_dragger_raider_f6b8b127/Idle/frame-manifest.json
5e3618affe870ffa5d9c36aa21f4ec4fc12d3910f973b1be12d0780ab382bd05	1634406	chain_dragger_raider_f6b8b127/Idle/imagegen-source.png
