68239c24b977060bbba58e0f4a07ee8db420bdec4d710dc04b49f96356376791	68239c24b977060bbba58e0f4a07ee8db420bdec4d710dc04b49f96356376791	/Users/pvenus/imageforge-mcp/generated_image/black_cloth_raider_3e3d6984/BasicAttack/frame-0.png	/Users/pvenus/imageforge-mcp/generated_image/black_cloth_raider/BasicAttack/frame_01.png
62e93c011d0703f5d36023e23c10eba1fc555e8b768666795b392ab4afe1382a	62e93c011d0703f5d36023e23c10eba1fc555e8b768666795b392ab4afe1382a	/Users/pvenus/imageforge-mcp/generated_image/black_cloth_raider_3e3d6984/BasicAttack/frame-1.png	/Users/pvenus/imageforge-mcp/generated_image/black_cloth_raider/BasicAttack/frame_02.png
c7ac35d79c5e0481d73cf35fcf7532e0cb0b3352b2c34a1cb4829e9e93419764	c7ac35d79c5e0481d73cf35fcf7532e0cb0b3352b2c34a1cb4829e9e93419764	/Users/pvenus/imageforge-mcp/generated_image/black_cloth_raider_3e3d6984/BasicAttack/frame-2.png	/Users/pvenus/imageforge-mcp/generated_image/black_cloth_raider/BasicAttack/frame_03.png
cd34d78ff4e4f469bd18038fbc47d9484fe5d96aa43b4d79b231044cd91e5ee0	cd34d78ff4e4f469bd18038fbc47d9484fe5d96aa43b4d79b231044cd91e5ee0	/Users/pvenus/imageforge-mcp/generated_image/black_cloth_raider_3e3d6984/BasicAttack/frame-3.png	/Users/pvenus/imageforge-mcp/generated_image/black_cloth_raider/BasicAttack/frame_04.png
855a585052bb3f5a71d5af2d140f3d1d7bcaa76d8b65166693caa6c6efafb8fd	855a585052bb3f5a71d5af2d140f3d1d7bcaa76d8b65166693caa6c6efafb8fd	/Users/pvenus/imageforge-mcp/generated_image/black_cloth_raider_cf99bf17/Death/frame-0.png	/Users/pvenus/imageforge-mcp/generated_image/black_cloth_raider/Death/frame_01.png
926e3119ecb850aeb354bfdacf9cc2f346d345eb2cd39d62688d212743f0e252	926e3119ecb850aeb354bfdacf9cc2f346d345eb2cd39d62688d212743f0e252	/Users/pvenus/imageforge-mcp/generated_image/black_cloth_raider_cf99bf17/Death/frame-1.png	/Users/pvenus/imageforge-mcp/generated_image/black_cloth_raider/Death/frame_02.png
a6ce954e71aa138f208d9a832637dbe67792585011cbd291e7d767318fc71f4c	a6ce954e71aa138f208d9a832637dbe67792585011cbd291e7d767318fc71f4c	/Users/pvenus/imageforge-mcp/generated_image/black_cloth_raider_cf99bf17/Death/frame-2.png	/Users/pvenus/imageforge-mcp/generated_image/black_cloth_raider/Death/frame_03.png
e5a481299ac58201317d56fdefe44b418f591af08a8f0b6458be2333891f5fe1	e5a481299ac58201317d56fdefe44b418f591af08a8f0b6458be2333891f5fe1	/Users/pvenus/imageforge-mcp/generated_image/black_cloth_raider_cf99bf17/Death/frame-3.png	/Users/pvenus/imageforge-mcp/generated_image/black_cloth_raider/Death/frame_04.png
06d3718fb50bbf445ceeb7e81119dba14d4bd25f4c18edb149cf540eb915f3ca	06d3718fb50bbf445ceeb7e81119dba14d4bd25f4c18edb149cf540eb915f3ca	/Users/pvenus/imageforge-mcp/generated_image/black_cloth_raider_a39a735c/Idle/frame-0.png	/Users/pvenus/imageforge-mcp/generated_image/black_cloth_raider/Idle/frame_01.png
7cd52b69963730abb8767d6ed4e9b67152fa139637917f7ba9f34d75200323c0	7cd52b69963730abb8767d6ed4e9b67152fa139637917f7ba9f34d75200323c0	/Users/pvenus/imageforge-mcp/generated_image/black_cloth_raider_a39a735c/Idle/frame-1.png	/Users/pvenus/imageforge-mcp/generated_image/black_cloth_raider/Idle/frame_02.png
7ac8c5c59865c792752bda205a4d10f42ea9cdd6a3df7dfd00ce3daffeaab805	7ac8c5c59865c792752bda205a4d10f42ea9cdd6a3df7dfd00ce3daffeaab805	/Users/pvenus/imageforge-mcp/generated_image/black_cloth_raider_a39a735c/Idle/frame-2.png	/Users/pvenus/imageforge-mcp/generated_image/black_cloth_raider/Idle/frame_03.png
c16e786130e3bfcf8fb414de9461ed31510336d2b210fe6d4f040af69ef5beb3	c16e786130e3bfcf8fb414de9461ed31510336d2b210fe6d4f040af69ef5beb3	/Users/pvenus/imageforge-mcp/generated_image/black_cloth_raider_a39a735c/Idle/frame-3.png	/Users/pvenus/imageforge-mcp/generated_image/black_cloth_raider/Idle/frame_04.png
a6755692d383f363322cdcf1c9afc14d623e3fb4fea586fad703632c66c4b9b1	a6755692d383f363322cdcf1c9afc14d623e3fb4fea586fad703632c66c4b9b1	/Users/pvenus/imageforge-mcp/generated_image/black_cloth_raider_682d1f05/Move/frame-0.png	/Users/pvenus/imageforge-mcp/generated_image/black_cloth_raider/Move/frame_01.png
7f6e5d30f779545c760b3a7747bb509cefa6be94325d52625131cc91111ba2a6	7f6e5d30f779545c760b3a7747bb509cefa6be94325d52625131cc91111ba2a6	/Users/pvenus/imageforge-mcp/generated_image/black_cloth_raider_682d1f05/Move/frame-1.png	/Users/pvenus/imageforge-mcp/generated_image/black_cloth_raider/Move/frame_02.png
e8156f2b47fc02b40937d5583e829d35f7ed38be6b985a132e795c0cf166aed0	e8156f2b47fc02b40937d5583e829d35f7ed38be6b985a132e795c0cf166aed0	/Users/pvenus/imageforge-mcp/generated_image/black_cloth_raider_682d1f05/Move/frame-2.png	/Users/pvenus/imageforge-mcp/generated_image/black_cloth_raider/Move/frame_03.png
c4afdbaef100c7e8cb976623d1930c1bb7da7a5d519c406fc31591251448ae19	c4afdbaef100c7e8cb976623d1930c1bb7da7a5d519c406fc31591251448ae19	/Users/pvenus/imageforge-mcp/generated_image/black_cloth_raider_682d1f05/Move/frame-3.png	/Users/pvenus/imageforge-mcp/generated_image/black_cloth_raider/Move/frame_04.png
0c794926238e4a158d7a043a562e7d7687a5eb5b98d147b45d41d3ba741dd067	0c794926238e4a158d7a043a562e7d7687a5eb5b98d147b45d41d3ba741dd067	/Users/pvenus/imageforge-mcp/generated_image/black_cloth_raider_abdfcb91/Stun/frame-0.png	/Users/pvenus/imageforge-mcp/generated_image/black_cloth_raider/Stun/frame_01.png
d53d1f36ee1840cddb50af7c5a345af1244a30aca89158bf6838d0f598e69c00	d53d1f36ee1840cddb50af7c5a345af1244a30aca89158bf6838d0f598e69c00	/Users/pvenus/imageforge-mcp/generated_image/black_cloth_raider_abdfcb91/Stun/frame-1.png	/Users/pvenus/imageforge-mcp/generated_image/black_cloth_raider/Stun/frame_02.png
3b85e7e07430e0524ef2df78d085cf7508fe0a7b107fea6fcd67fcf93b5e5ff6	3b85e7e07430e0524ef2df78d085cf7508fe0a7b107fea6fcd67fcf93b5e5ff6	/Users/pvenus/imageforge-mcp/generated_image/black_cloth_raider_abdfcb91/Stun/frame-2.png	/Users/pvenus/imageforge-mcp/generated_image/black_cloth_raider/Stun/frame_03.png
1cee9e0bcb664da26132307784bfa4eabeebf7bbbbab475f37e6e5da5327b155	1cee9e0bcb664da26132307784bfa4eabeebf7bbbbab475f37e6e5da5327b155	/Users/pvenus/imageforge-mcp/generated_image/black_cloth_raider_abdfcb91/Stun/frame-3.png	/Users/pvenus/imageforge-mcp/generated_image/black_cloth_raider/Stun/frame_04.png
b158e0ed2b4f1492a7ce90e4a06062396d4b5ef2b0207f843c67bf8463a93f80	b158e0ed2b4f1492a7ce90e4a06062396d4b5ef2b0207f843c67bf8463a93f80	/Users/pvenus/imageforge-mcp/generated_image/black_cloth_raider_3203418b/VFX/frame-0.png	/Users/pvenus/imageforge-mcp/generated_image/black_cloth_raider/VFX/frame_01.png
1910e8c0f642d7b182c64cc0f34d3b1feacc1e9dac3920f43e64998c593113e2	1910e8c0f642d7b182c64cc0f34d3b1feacc1e9dac3920f43e64998c593113e2	/Users/pvenus/imageforge-mcp/generated_image/black_cloth_raider_3203418b/VFX/frame-1.png	/Users/pvenus/imageforge-mcp/generated_image/black_cloth_raider/VFX/frame_02.png
32a8088b2bc5b7e1aef6c890e702cc30ee42491a063044cf44237e07eb892eab	32a8088b2bc5b7e1aef6c890e702cc30ee42491a063044cf44237e07eb892eab	/Users/pvenus/imageforge-mcp/generated_image/black_cloth_raider_3203418b/VFX/frame-2.png	/Users/pvenus/imageforge-mcp/generated_image/black_cloth_raider/VFX/frame_03.png
fde96e15166e948c8367ed4a06007219ffb561fda12ba5531e619f8fd54c1979	fde96e15166e948c8367ed4a06007219ffb561fda12ba5531e619f8fd54c1979	/Users/pvenus/imageforge-mcp/generated_image/black_cloth_raider_3203418b/VFX/frame-3.png	/Users/pvenus/imageforge-mcp/generated_image/black_cloth_raider/VFX/frame_04.png
bc707f828340a1ff499ca3207fb9a9b8b0c3d5f3f8479c8a9e8094d446abaa95	bc707f828340a1ff499ca3207fb9a9b8b0c3d5f3f8479c8a9e8094d446abaa95	/Users/pvenus/imageforge-mcp/generated_image/chain_dragger_raider_274f7165/BasicAttack/frame-0.png	/Users/pvenus/imageforge-mcp/generated_image/chain_dragger_raider/BasicAttack/frame_01.png
d1c937c3958c9e154592144cb038aae04364d26d8a4527e1dfd9fcd1d302273e	d1c937c3958c9e154592144cb038aae04364d26d8a4527e1dfd9fcd1d302273e	/Users/pvenus/imageforge-mcp/generated_image/chain_dragger_raider_274f7165/BasicAttack/frame-1.png	/Users/pvenus/imageforge-mcp/generated_image/chain_dragger_raider/BasicAttack/frame_02.png
9789745c079558f2ebe362bbdb610fc57082e42cef5934a2e06a0a69117b40ae	9789745c079558f2ebe362bbdb610fc57082e42cef5934a2e06a0a69117b40ae	/Users/pvenus/imageforge-mcp/generated_image/chain_dragger_raider_274f7165/BasicAttack/frame-2.png	/Users/pvenus/imageforge-mcp/generated_image/chain_dragger_raider/BasicAttack/frame_03.png
5c7b2dce2001f622480452b85436b7e7232629e36221f6fd3fc2579375755467	5c7b2dce2001f622480452b85436b7e7232629e36221f6fd3fc2579375755467	/Users/pvenus/imageforge-mcp/generated_image/chain_dragger_raider_274f7165/BasicAttack/frame-3.png	/Users/pvenus/imageforge-mcp/generated_image/chain_dragger_raider/BasicAttack/frame_04.png
81a3e9f0f2c3127375dfe11104e41cdc4ffdef20c93415dc5207bc2a241e873a	81a3e9f0f2c3127375dfe11104e41cdc4ffdef20c93415dc5207bc2a241e873a	/Users/pvenus/imageforge-mcp/generated_image/chain_dragger_raider_ef840ac7/Death/frame-0.png	/Users/pvenus/imageforge-mcp/generated_image/chain_dragger_raider/Death/frame_01.png
fa6ca17696f54add344e556d79c3e444c76f26642860ca25dcd2f77f91cf48e9	fa6ca17696f54add344e556d79c3e444c76f26642860ca25dcd2f77f91cf48e9	/Users/pvenus/imageforge-mcp/generated_image/chain_dragger_raider_ef840ac7/Death/frame-1.png	/Users/pvenus/imageforge-mcp/generated_image/chain_dragger_raider/Death/frame_02.png
ba03d23f04de0227bb2cf336856b10de18d68b88e350ebd6763eddd0085b2ecf	ba03d23f04de0227bb2cf336856b10de18d68b88e350ebd6763eddd0085b2ecf	/Users/pvenus/imageforge-mcp/generated_image/chain_dragger_raider_ef840ac7/Death/frame-2.png	/Users/pvenus/imageforge-mcp/generated_image/chain_dragger_raider/Death/frame_03.png
0a598fa0c922e8ed77217e61323d7b1eda35b9f2fd1d2fcb5135d8fff7f97fdc	0a598fa0c922e8ed77217e61323d7b1eda35b9f2fd1d2fcb5135d8fff7f97fdc	/Users/pvenus/imageforge-mcp/generated_image/chain_dragger_raider_ef840ac7/Death/frame-3.png	/Users/pvenus/imageforge-mcp/generated_image/chain_dragger_raider/Death/frame_04.png
3d7c25af01939b8d5c9c270e2fa42953918c6fcb7367ee8f02224f3efe63e593	3d7c25af01939b8d5c9c270e2fa42953918c6fcb7367ee8f02224f3efe63e593	/Users/pvenus/imageforge-mcp/generated_image/chain_dragger_raider_f6b8b127/Idle/frame-0.png	/Users/pvenus/imageforge-mcp/generated_image/chain_dragger_raider/Idle/frame_01.png
0ca60ecb945c4b43587bbf8aec8c38d06c7a986469dca569c89f3c2be8d7dbaf	0ca60ecb945c4b43587bbf8aec8c38d06c7a986469dca569c89f3c2be8d7dbaf	/Users/pvenus/imageforge-mcp/generated_image/chain_dragger_raider_f6b8b127/Idle/frame-1.png	/Users/pvenus/imageforge-mcp/generated_image/chain_dragger_raider/Idle/frame_02.png
ae672c7df6a2c584042d0d3a4935360d8a160b14c427c7afdd81fb033c12aa73	ae672c7df6a2c584042d0d3a4935360d8a160b14c427c7afdd81fb033c12aa73	/Users/pvenus/imageforge-mcp/generated_image/chain_dragger_raider_f6b8b127/Idle/frame-2.png	/Users/pvenus/imageforge-mcp/generated_image/chain_dragger_raider/Idle/frame_03.png
bb9c2eeeea622868a6a409ec84b3a739e17677ada631da23551a2efe61093285	bb9c2eeeea622868a6a409ec84b3a739e17677ada631da23551a2efe61093285	/Users/pvenus/imageforge-mcp/generated_image/chain_dragger_raider_f6b8b127/Idle/frame-3.png	/Users/pvenus/imageforge-mcp/generated_image/chain_dragger_raider/Idle/frame_04.png
bebc30a8c1d3e356ea31621a58e45f2983a7707750d4385a7ec48fc458538f75	bebc30a8c1d3e356ea31621a58e45f2983a7707750d4385a7ec48fc458538f75	/Users/pvenus/imageforge-mcp/generated_image/chain_dragger_raider_427c8281/Move/frame-0.png	/Users/pvenus/imageforge-mcp/generated_image/chain_dragger_raider/Move/frame_01.png
d756f35db85a0a028411740d4502190aa048a2faad6dee2215110ef078bb200f	d756f35db85a0a028411740d4502190aa048a2faad6dee2215110ef078bb200f	/Users/pvenus/imageforge-mcp/generated_image/chain_dragger_raider_427c8281/Move/frame-1.png	/Users/pvenus/imageforge-mcp/generated_image/chain_dragger_raider/Move/frame_02.png
586c5f15d67237aab3ea72ee4f498cfdba57c98ace1cb275e086dc033c798b77	586c5f15d67237aab3ea72ee4f498cfdba57c98ace1cb275e086dc033c798b77	/Users/pvenus/imageforge-mcp/generated_image/chain_dragger_raider_427c8281/Move/frame-2.png	/Users/pvenus/imageforge-mcp/generated_image/chain_dragger_raider/Move/frame_03.png
0057d0d69b7d644e73472544e79f29b971dacd8efeac0c8eb4539aee495aff19	0057d0d69b7d644e73472544e79f29b971dacd8efeac0c8eb4539aee495aff19	/Users/pvenus/imageforge-mcp/generated_image/chain_dragger_raider_427c8281/Move/frame-3.png	/Users/pvenus/imageforge-mcp/generated_image/chain_dragger_raider/Move/frame_04.png
2294c17a334492c9038a8bcd1ecaccfc020bffe8c567615c62ea98c21df16320	2294c17a334492c9038a8bcd1ecaccfc020bffe8c567615c62ea98c21df16320	/Users/pvenus/imageforge-mcp/generated_image/chain_dragger_raider_a7fe667b/Stun/frame-0.png	/Users/pvenus/imageforge-mcp/generated_image/chain_dragger_raider/Stun/frame_01.png
0a5153a755489cac3f370beece7121d5b50d334f2cfd7c4fec33f04f40671518	0a5153a755489cac3f370beece7121d5b50d334f2cfd7c4fec33f04f40671518	/Users/pvenus/imageforge-mcp/generated_image/chain_dragger_raider_a7fe667b/Stun/frame-1.png	/Users/pvenus/imageforge-mcp/generated_image/chain_dragger_raider/Stun/frame_02.png
7083170cd7e1df9547dabdabef5d6f277c6cfc73f556b4b77511087d2d760625	7083170cd7e1df9547dabdabef5d6f277c6cfc73f556b4b77511087d2d760625	/Users/pvenus/imageforge-mcp/generated_image/chain_dragger_raider_a7fe667b/Stun/frame-2.png	/Users/pvenus/imageforge-mcp/generated_image/chain_dragger_raider/Stun/frame_03.png
f4489023440ddf2ab84b552ff79f659231bd54e64b005e3fe215e99b9c790e76	f4489023440ddf2ab84b552ff79f659231bd54e64b005e3fe215e99b9c790e76	/Users/pvenus/imageforge-mcp/generated_image/chain_dragger_raider_a7fe667b/Stun/frame-3.png	/Users/pvenus/imageforge-mcp/generated_image/chain_dragger_raider/Stun/frame_04.png
1b85ac2041d265248080ca41fbe04f127cae7fb0f39c78a268d60d20cb8dbfe4	1b85ac2041d265248080ca41fbe04f127cae7fb0f39c78a268d60d20cb8dbfe4	/Users/pvenus/imageforge-mcp/generated_image/chain_dragger_raider_148b70e3/VFX/frame-0.png	/Users/pvenus/imageforge-mcp/generated_image/chain_dragger_raider/VFX/frame_01.png
11a2375f3330055d7655903fedf1c52340805879a9ca47264c9cb81fb9256d0f	11a2375f3330055d7655903fedf1c52340805879a9ca47264c9cb81fb9256d0f	/Users/pvenus/imageforge-mcp/generated_image/chain_dragger_raider_148b70e3/VFX/frame-1.png	/Users/pvenus/imageforge-mcp/generated_image/chain_dragger_raider/VFX/frame_02.png
8a506a0d1b51f63d2c6a291510f28600cdf66088e2860279937fdb627eda5adf	8a506a0d1b51f63d2c6a291510f28600cdf66088e2860279937fdb627eda5adf	/Users/pvenus/imageforge-mcp/generated_image/chain_dragger_raider_148b70e3/VFX/frame-2.png	/Users/pvenus/imageforge-mcp/generated_image/chain_dragger_raider/VFX/frame_03.png
87fc8dea9a3e8af6e7cdd45cff41c85da3b8b9a43133709782f831ea4e5aa9ec	87fc8dea9a3e8af6e7cdd45cff41c85da3b8b9a43133709782f831ea4e5aa9ec	/Users/pvenus/imageforge-mcp/generated_image/chain_dragger_raider_148b70e3/VFX/frame-3.png	/Users/pvenus/imageforge-mcp/generated_image/chain_dragger_raider/VFX/frame_04.png
