visualPhaseId	parentSkillId	identityType	subfamily	paletteCode	signatureName	signatureHex	auxiliaryName	auxiliaryHex	grade	renderState	coverageRule
skill.character.black_cloth_raider.1.basic_attack.black_knife_cut.visual	skill.character.black_cloth_raider.1.basic_attack.black_knife_cut	root	I-S	EI	iron_soot	#4B5558	oxidized_rust	#B45A43	G1	R	signature60-82_aux18-40_other0
skill.character.bone_axe_pursuer.1.basic_attack.rough_axe_chop.visual	skill.character.bone_axe_pursuer.1.basic_attack.rough_axe_chop	root	I-S	EI	iron_soot	#4B5558	oxidized_rust	#B45A43	G1	R	signature60-82_aux18-40_other0
skill.character.cage_guard_bandit.2.basic_attack.club_slam.visual	skill.character.cage_guard_bandit.2.basic_attack.club_slam	root	I-B	EI	iron_soot	#4B5558	oxidized_rust	#B45A43	G2	R	signature60-82_aux18-40_other0
skill.character.chain_axe_enforcer.2.active_1.yard_cleave.visual	skill.character.chain_axe_enforcer.2.active_1.yard_cleave	root	I-S	EI	iron_soot	#4B5558	oxidized_rust	#B45A43	G2	NR	signature60-82_aux18-40_other0
skill.character.chain_axe_enforcer.2.basic_attack.heavy_chain_axe.visual	skill.character.chain_axe_enforcer.2.basic_attack.heavy_chain_axe	root	I-S	EI	iron_soot	#4B5558	oxidized_rust	#B45A43	G2	R	signature60-82_aux18-40_other0
skill.character.door_shield_barricader.1.basic_attack.shield_bash.visual	skill.character.door_shield_barricader.1.basic_attack.shield_bash	root	I-B	EI	iron_soot	#4B5558	oxidized_rust	#B45A43	G1	R	signature60-82_aux18-40_other0
skill.character.hut_blocker_guard.2.basic_attack.doorway_slam.visual	skill.character.hut_blocker_guard.2.basic_attack.doorway_slam	root	I-B	EI	iron_soot	#4B5558	oxidized_rust	#B45A43	G2	R	signature60-82_aux18-40_other0
skill.character.marked_pack_leader.2.basic_attack.leader_bite.visual	skill.character.marked_pack_leader.2.basic_attack.leader_bite	root	I-K	EB	earth_fur	#77624B	wound_breath_rust	#B65B47	G2	R	signature60-82_aux18-40_other0
skill.character.mountain_fort_spearman.1.basic_attack.gate_spear_thrust.visual	skill.character.mountain_fort_spearman.1.basic_attack.gate_spear_thrust	root	I-P	EI	iron_soot	#4B5558	oxidized_rust	#B45A43	G1	R	signature60-82_aux18-40_other0
skill.character.mud_hood_polehooker.1.basic_attack.hook_poke.visual	skill.character.mud_hood_polehooker.1.basic_attack.hook_poke	root	I-P	EI	iron_soot	#4B5558	oxidized_rust	#B45A43	G1	R	signature60-82_aux18-40_other0
skill.character.nameless_tablet_guardian.3.basic_attack.tablet_bash.visual	skill.character.nameless_tablet_guardian.3.basic_attack.tablet_bash	root	I-B	EW	wraith_inkblue	#495D70	muted_violet	#8B6FA3	G3	R	signature60-82_aux18-40_other0
skill.character.sangui_abandoned_child.3.basic_attack.grudge_scratch.visual	skill.character.sangui_abandoned_child.3.basic_attack.grudge_scratch	root	I-K	EW	wraith_inkblue	#495D70	muted_violet	#8B6FA3	G3	R	signature60-82_aux18-40_other0
skill.character.seojin.1.active_1.active_1.visual	skill.character.seojin.1.active_1.active_1	root	I-S	SJ	seojin_navy	#294A68	heated_iron_rust	#C65743	G1	R	signature60-82_aux18-40_other0
skill.character.seojin.1.basic_attack.basic_attack.visual	skill.character.seojin.1.basic_attack.basic_attack	root	I-S	SJ	seojin_navy	#294A68	heated_iron_rust	#C65743	G1	R	signature60-82_aux18-40_other0
skill.character.seojin.2.active_1.charge.visual	skill.character.seojin.2.active_1.charge	root	I-S	SJ	seojin_navy	#294A68	heated_iron_rust	#C65743	G2	R	signature60-82_aux18-40_other0
skill.character.seojin.2.basic_attack.basic_attack.visual	skill.character.seojin.2.basic_attack.basic_attack	root	I-S	SJ	seojin_navy	#294A68	heated_iron_rust	#C65743	G2	R	signature60-82_aux18-40_other0
skill.character.seojin.3.active_1.charge.visual	skill.character.seojin.3.active_1.charge	root	I-S	SJ	seojin_navy	#294A68	heated_iron_rust	#C65743	G3	R	signature60-82_aux18-40_other0
skill.character.seojin.3.active_3.turtle_ship_assault.visual	skill.character.seojin.3.active_3.turtle_ship_assault	root	I-X	SJ	seojin_navy	#294A68	heated_iron_rust	#C65743	G3	R	signature60-82_aux18-40_other0
skill.character.seojin.3.basic_attack.basic_attack.visual	skill.character.seojin.3.basic_attack.basic_attack	root	I-S	SJ	seojin_navy	#294A68	heated_iron_rust	#C65743	G3	R	signature60-82_aux18-40_other0
skill.character.starving_mountain_wolf.1.basic_attack.hunger_bite.visual	skill.character.starving_mountain_wolf.1.basic_attack.hunger_bite	root	I-K	EB	earth_fur	#77624B	wound_breath_rust	#B65B47	G1	R	signature60-82_aux18-40_other0
skill.character.track_eraser_scout.1.basic_attack.short_spear_probe.visual	skill.character.track_eraser_scout.1.basic_attack.short_spear_probe	root	I-P	EI	iron_soot	#4B5558	oxidized_rust	#B45A43	G1	R	signature60-82_aux18-40_other0
skill.character.training_ground_captain.2.active_1.break_the_line.visual	skill.character.training_ground_captain.2.active_1.break_the_line	root	I-S	EI	iron_soot	#4B5558	oxidized_rust	#B45A43	G2	NR	signature60-82_aux18-40_other0
skill.character.training_ground_captain.2.basic_attack.captain_cut.visual	skill.character.training_ground_captain.2.basic_attack.captain_cut	root	I-S	EI	iron_soot	#4B5558	oxidized_rust	#B45A43	G2	R	signature60-82_aux18-40_other0
skill.character.training_ground_skirmisher.1.basic_attack.low_step_cut.visual	skill.character.training_ground_skirmisher.1.basic_attack.low_step_cut	root	I-S	EI	iron_soot	#4B5558	oxidized_rust	#B45A43	G1	R	signature60-82_aux18-40_other0
skill.strategic.blackwind_bomb.visual	skill.strategic.blackwind_bomb	root	I-X	SW	wind_graygreen	#688270	dry_grass_amber	#B58B4E	GX	R	signature60-82_aux18-40_other0
skill.strategic.crushing_war_cry.visual	skill.strategic.crushing_war_cry	root	I-X	SN	neutral_ironink	#4E5A5E	restrained_rust	#A75D49	GX	R	signature60-82_aux18-40_other0
skill.strategic.flash_charm.visual	skill.strategic.flash_charm	root	I-X	ST	thunder_inkblue	#496C91	muted_violet	#806DAA	GX	R	signature60-82_aux18-40_other0
skill.strategic.heavenfall_thunder.visual	skill.strategic.heavenfall_thunder	root	I-X	ST	thunder_inkblue	#496C91	muted_violet	#806DAA	GX	R	signature60-82_aux18-40_other0
skill.strategic.nine_heavens_thunderfall_formation.visual	skill.strategic.nine_heavens_thunderfall_formation	root	I-X	ST	thunder_inkblue	#496C91	muted_violet	#806DAA	GX	R	signature60-82_aux18-40_other0
skill.strategic.soulbreaking_formation.visual	skill.strategic.soulbreaking_formation	root	I-X	SG	ghost_ink	#455E60	muted_jade	#65A78F	GX	R	signature60-82_aux18-40_other0
skill.strategic.ten_thousand_thunder_charm.visual	skill.strategic.ten_thousand_thunder_charm	root	I-X	ST	thunder_inkblue	#496C91	muted_violet	#806DAA	GX	R	signature60-82_aux18-40_other0
skill.strategic.thundercrash_orb.visual	skill.strategic.thundercrash_orb	root	I-X	ST	thunder_inkblue	#496C91	muted_violet	#806DAA	GX	R	signature60-82_aux18-40_other0
skill.character.red_doll_hexer.2.basic_attack.charm_toss.visual	skill.character.red_doll_hexer.2.basic_attack.charm_toss	root	I-X	EX	ritual_red	#A8444F	muted_violet	#86669A	G2	R	signature60-82_aux18-40_other0
skill.character.ritual_bell_handler.2.basic_attack.bell_charm_throw.visual	skill.character.ritual_bell_handler.2.basic_attack.bell_charm_throw	root	I-X	EX	ritual_red	#A8444F	muted_violet	#86669A	G2	R	signature60-82_aux18-40_other0
skill.character.abandoned_shrine_wraith.2.basic_attack.cold_whisper.visual	skill.character.abandoned_shrine_wraith.2.basic_attack.cold_whisper	root	P-Z	EW	wraith_inkblue	#495D70	muted_violet	#8B6FA3	G2	R	signature60-82_aux18-40_other0
skill.character.chain_dragger_raider.1.basic_attack.chain_swing.visual	skill.character.chain_dragger_raider.1.basic_attack.chain_swing	root	P-C	EI	iron_soot	#4B5558	oxidized_rust	#B45A43	G1	R	signature60-82_aux18-40_other0
skill.character.child_snatcher_netman.1.basic_attack.weighted_net_cast.visual	skill.character.child_snatcher_netman.1.basic_attack.weighted_net_cast	root	P-T	EI	iron_soot	#4B5558	oxidized_rust	#B45A43	G1	R	signature60-82_aux18-40_other0
skill.character.jihan.1.basic_attack.basic_attack.visual	skill.character.jihan.1.basic_attack.basic_attack	root	P-T	JH	medicinal_ochre	#9B7A45	herb_jade	#62B98F	G1	R	signature60-82_aux18-40_other0
skill.character.jihan.2.basic_attack.basic_attack.visual	skill.character.jihan.2.basic_attack.basic_attack	root	P-T	JH	medicinal_ochre	#9B7A45	herb_jade	#62B98F	G2	R	signature60-82_aux18-40_other0
skill.character.jihan.3.basic_attack.basic_attack.visual	skill.character.jihan.3.basic_attack.basic_attack	root	P-T	JH	medicinal_ochre	#9B7A45	herb_jade	#62B98F	G3	R	signature60-82_aux18-40_other0
skill.character.mountain_path_archer.1.basic_attack.hidden_arrow.visual	skill.character.mountain_path_archer.1.basic_attack.hidden_arrow	root	P-A	EI	iron_soot	#4B5558	oxidized_rust	#B45A43	G1	R	signature60-82_aux18-40_other0
skill.character.watchtower_marksman.1.basic_attack.high_post_arrow.visual	skill.character.watchtower_marksman.1.basic_attack.high_post_arrow	root	P-A	EI	iron_soot	#4B5558	oxidized_rust	#B45A43	G1	R	signature60-82_aux18-40_other0
skill.character.yujin.1.active_1.multi_shot.visual	skill.character.yujin.1.active_1.multi_shot	root	P-A	YJ	ink_bluegray	#496A82	cold_feather_metal	#86B9C8	G1	R	signature60-82_aux18-40_other0
skill.character.yujin.1.basic_attack.basic_attack.visual	skill.character.yujin.1.basic_attack.basic_attack	root	P-A	YJ	ink_bluegray	#496A82	cold_feather_metal	#86B9C8	G1	R	signature60-82_aux18-40_other0
skill.character.yujin.2.active_1.multi_shot.visual	skill.character.yujin.2.active_1.multi_shot	root	P-A	YJ	ink_bluegray	#496A82	cold_feather_metal	#86B9C8	G2	R	signature60-82_aux18-40_other0
skill.character.yujin.2.active_2.hwalbin_barrage.visual	skill.character.yujin.2.active_2.hwalbin_barrage	root	P-A	YJ	ink_bluegray	#496A82	cold_feather_metal	#86B9C8	G2	R	signature60-82_aux18-40_other0
skill.character.yujin.2.basic_attack.basic_attack.visual	skill.character.yujin.2.basic_attack.basic_attack	root	P-A	YJ	ink_bluegray	#496A82	cold_feather_metal	#86B9C8	G2	R	signature60-82_aux18-40_other0
skill.character.yujin.3.active_1.multi_shot.visual	skill.character.yujin.3.active_1.multi_shot	root	P-A	YJ	ink_bluegray	#496A82	cold_feather_metal	#86B9C8	G3	R	signature60-82_aux18-40_other0
skill.character.yujin.3.active_2.hwalbin_barrage.visual	skill.character.yujin.3.active_2.hwalbin_barrage	root	P-A	YJ	ink_bluegray	#496A82	cold_feather_metal	#86B9C8	G3	R	signature60-82_aux18-40_other0
skill.character.yujin.3.basic_attack.basic_attack.visual	skill.character.yujin.3.basic_attack.basic_attack	root	P-A	YJ	ink_bluegray	#496A82	cold_feather_metal	#86B9C8	G3	R	signature60-82_aux18-40_other0
skill.character.yujin.3.clone.active_1.multi_shot.visual	skill.character.yujin.3.clone.active_1.multi_shot	root	P-A	YJ	ink_bluegray	#496A82	cold_feather_metal	#86B9C8	G3	R	signature60-82_aux18-40_other0
skill.character.jihan.1.active_1.medicine_prescription.visual	skill.character.jihan.1.active_1.medicine_prescription	root	H-R	JH	medicinal_ochre	#9B7A45	herb_jade	#62B98F	G1	R	signature60-82_aux18-40_other0
skill.character.jihan.1.passive_1.blood_qi_circulation.visual	skill.character.jihan.1.passive_1.blood_qi_circulation	root	H-B	JH	medicinal_ochre	#9B7A45	herb_jade	#62B98F	G1	NR	signature60-82_aux18-40_other0
skill.character.jihan.2.active_1.medicine_prescription.visual	skill.character.jihan.2.active_1.medicine_prescription	root	H-R	JH	medicinal_ochre	#9B7A45	herb_jade	#62B98F	G2	R	signature60-82_aux18-40_other0
skill.character.jihan.2.active_2.ten_tonic_soup.visual	skill.character.jihan.2.active_2.ten_tonic_soup	root	H-B	JH	medicinal_ochre	#9B7A45	herb_jade	#62B98F	G2	R	signature60-82_aux18-40_other0
skill.character.jihan.2.passive_1.blood_qi_circulation.visual	skill.character.jihan.2.passive_1.blood_qi_circulation	root	H-B	JH	medicinal_ochre	#9B7A45	herb_jade	#62B98F	G2	NR	signature60-82_aux18-40_other0
skill.character.jihan.3.active_1.medicine_prescription.visual	skill.character.jihan.3.active_1.medicine_prescription	root	H-R	JH	medicinal_ochre	#9B7A45	herb_jade	#62B98F	G3	R	signature60-82_aux18-40_other0
skill.character.jihan.3.active_2.ten_tonic_soup.visual	skill.character.jihan.3.active_2.ten_tonic_soup	root	H-B	JH	medicinal_ochre	#9B7A45	herb_jade	#62B98F	G3	R	signature60-82_aux18-40_other0
skill.character.jihan.3.active_3.divine_acupuncture.visual	skill.character.jihan.3.active_3.divine_acupuncture	root	H-R	JH	medicinal_ochre	#9B7A45	herb_jade	#62B98F	G3	R	signature60-82_aux18-40_other0
skill.character.jihan.3.passive_1.blood_qi_circulation.visual	skill.character.jihan.3.passive_1.blood_qi_circulation	root	H-B	JH	medicinal_ochre	#9B7A45	herb_jade	#62B98F	G3	NR	signature60-82_aux18-40_other0
skill.strategic.blood_meridian_release.visual	skill.strategic.blood_meridian_release	root	H-B	SB	blood_redbrown	#8F4540	meridian_teal	#57948C	GX	R	signature60-82_aux18-40_other0
skill.strategic.emergency_pill.visual	skill.strategic.emergency_pill	root	H-R	SM	medicine_ochre	#9A7B4D	herb_jade	#68A98B	GX	R	signature60-82_aux18-40_other0
skill.strategic.gale_step.visual	skill.strategic.gale_step	root	H-M	SW	wind_graygreen	#688270	dry_grass_amber	#B58B4E	GX	R	signature60-82_aux18-40_other0
skill.strategic.ironbody_call.visual	skill.strategic.ironbody_call	root	H-B	SN	neutral_ironink	#4E5A5E	restrained_rust	#A75D49	GX	R	signature60-82_aux18-40_other0
skill.strategic.taeul_healing_formation.visual	skill.strategic.taeul_healing_formation	root	H-R	SM	medicine_ochre	#9A7B4D	herb_jade	#68A98B	GX	R	signature60-82_aux18-40_other0
skill.character.yujin.1.passive_1.passive_1.visual	skill.character.yujin.1.passive_1.passive_1	root	H-B	YJ	ink_bluegray	#496A82	cold_feather_metal	#86B9C8	G1	NR	signature60-82_aux18-40_other0
skill.character.yujin.2.passive_1.passive_1.visual	skill.character.yujin.2.passive_1.passive_1	root	H-B	YJ	ink_bluegray	#496A82	cold_feather_metal	#86B9C8	G2	NR	signature60-82_aux18-40_other0
skill.character.abandoned_shrine_wraith.2.active_1.lost_child_cry.visual	skill.character.abandoned_shrine_wraith.2.active_1.lost_child_cry	root	G-C	EW	wraith_inkblue	#495D70	muted_violet	#8B6FA3	G2	NR	signature60-82_aux18-40_other0
skill.character.cage_guard_bandit.2.passive_1.block_the_cage.visual	skill.character.cage_guard_bandit.2.passive_1.block_the_cage	root	G-A	EI	iron_soot	#4B5558	oxidized_rust	#B45A43	G2	NR	signature60-82_aux18-40_other0
skill.character.hut_blocker_guard.2.passive_1.hold_the_exit.visual	skill.character.hut_blocker_guard.2.passive_1.hold_the_exit	root	G-A	EI	iron_soot	#4B5558	oxidized_rust	#B45A43	G2	NR	signature60-82_aux18-40_other0
skill.character.marked_pack_leader.2.active_1.pack_howl.visual	skill.character.marked_pack_leader.2.active_1.pack_howl	root	G-S	EB	earth_fur	#77624B	wound_breath_rust	#B65B47	G2	NR	signature60-82_aux18-40_other0
skill.character.nameless_tablet_guardian.3.active_1.altar_root.visual	skill.character.nameless_tablet_guardian.3.active_1.altar_root	root	G-C	EW	wraith_inkblue	#495D70	muted_violet	#8B6FA3	G3	NR	signature60-82_aux18-40_other0
skill.character.nameless_tablet_guardian.3.passive_1.grudge_shell.visual	skill.character.nameless_tablet_guardian.3.passive_1.grudge_shell	root	G-A	EW	wraith_inkblue	#495D70	muted_violet	#8B6FA3	G3	NR	signature60-82_aux18-40_other0
skill.character.red_doll_hexer.2.active_1.red_doll_slow.visual	skill.character.red_doll_hexer.2.active_1.red_doll_slow	root	G-C	EX	ritual_red	#A8444F	muted_violet	#86669A	G2	NR	signature60-82_aux18-40_other0
skill.character.ritual_bell_handler.2.active_1.agitate_caged_beasts.visual	skill.character.ritual_bell_handler.2.active_1.agitate_caged_beasts	root	G-S	EX	ritual_red	#A8444F	muted_violet	#86669A	G2	NR	signature60-82_aux18-40_other0
skill.character.sangui_abandoned_child.3.active_1.cold_mountain_call.visual	skill.character.sangui_abandoned_child.3.active_1.cold_mountain_call	root	G-S	EW	wraith_inkblue	#495D70	muted_violet	#8B6FA3	G3	NR	signature60-82_aux18-40_other0
skill.character.sangui_abandoned_child.3.active_2.why_only_me.visual	skill.character.sangui_abandoned_child.3.active_2.why_only_me	root	G-C	EW	wraith_inkblue	#495D70	muted_violet	#8B6FA3	G3	NR	signature60-82_aux18-40_other0
skill.character.sangui_abandoned_child.3.passive_1.left_alone_again.visual	skill.character.sangui_abandoned_child.3.passive_1.left_alone_again	root	G-A	EW	wraith_inkblue	#495D70	muted_violet	#8B6FA3	G3	NR	signature60-82_aux18-40_other0
skill.character.seojin.1.passive_1.indomitable.visual	skill.character.seojin.1.passive_1.indomitable	root	G-A	SJ	seojin_navy	#294A68	heated_iron_rust	#C65743	G1	NR	signature60-82_aux18-40_other0
skill.character.seojin.2.active_2.crane_wing_formation.visual	skill.character.seojin.2.active_2.crane_wing_formation	root	G-F	SJ	seojin_navy	#294A68	heated_iron_rust	#C65743	G2	R	signature60-82_aux18-40_other0
skill.character.seojin.2.passive_1.indomitable.visual	skill.character.seojin.2.passive_1.indomitable	root	G-A	SJ	seojin_navy	#294A68	heated_iron_rust	#C65743	G2	NR	signature60-82_aux18-40_other0
skill.character.seojin.3.active_2.crane_wing_formation.visual	skill.character.seojin.3.active_2.crane_wing_formation	root	G-F	SJ	seojin_navy	#294A68	heated_iron_rust	#C65743	G3	R	signature60-82_aux18-40_other0
skill.character.seojin.3.passive_1.indomitable.visual	skill.character.seojin.3.passive_1.indomitable	root	G-A	SJ	seojin_navy	#294A68	heated_iron_rust	#C65743	G3	NR	signature60-82_aux18-40_other0
skill.character.yujin.3.active_3.outlaw_appearance.visual	skill.character.yujin.3.active_3.outlaw_appearance	root	G-S	YJ	ink_bluegray	#496A82	cold_feather_metal	#86B9C8	G3	R	signature60-82_aux18-40_other0
skill.character.yujin.3.clone.active_2.hwalbin_barrage.visual	skill.character.yujin.3.clone.active_2.hwalbin_barrage	root	G-S	YJ	ink_bluegray	#496A82	cold_feather_metal	#86B9C8	G3	R	signature60-82_aux18-40_other0
skill.character.yujin.3.clone.basic_attack.basic_attack.visual	skill.character.yujin.3.clone.basic_attack.basic_attack	root	G-S	YJ	ink_bluegray	#496A82	cold_feather_metal	#86B9C8	G3	NR	signature60-82_aux18-40_other0
skill.character.yujin.3.clone.passive_1.passive_1.visual	skill.character.yujin.3.clone.passive_1.passive_1	root	G-S	YJ	ink_bluegray	#496A82	cold_feather_metal	#86B9C8	G3	NR	signature60-82_aux18-40_other0
skill.character.yujin.3.passive_1.passive_1.visual	skill.character.yujin.3.passive_1.passive_1	root	G-S	YJ	ink_bluegray	#496A82	cold_feather_metal	#86B9C8	G3	NR	signature60-82_aux18-40_other0
skill.strategic.demon_lure_incense.visual	skill.strategic.demon_lure_incense	root	G-C	SG	ghost_ink	#455E60	muted_jade	#65A78F	GX	R	signature60-82_aux18-40_other0
skill.strategic.frost_spirit_formation.visual	skill.strategic.frost_spirit_formation	root	G-F	SI	frost_stoneblue	#5F8295	cold_cyan	#76B9C8	GX	R	signature60-82_aux18-40_other0
skill.strategic.ghost_soul_charm.visual	skill.strategic.ghost_soul_charm	root	G-C	SG	ghost_ink	#455E60	muted_jade	#65A78F	GX	R	signature60-82_aux18-40_other0
skill.strategic.golden_chain_formation.visual	skill.strategic.golden_chain_formation	root	G-C	SO	aged_bronze	#967344	rope_rust	#A95B43	GX	R	signature60-82_aux18-40_other0
skill.strategic.night_parade_of_a_thousand_ghosts.visual	skill.strategic.night_parade_of_a_thousand_ghosts	root	G-S	SG	ghost_ink	#455E60	muted_jade	#65A78F	GX	R	signature60-82_aux18-40_other0
skill.strategic.soul_snare_formation.visual	skill.strategic.soul_snare_formation	root	G-C	SG	ghost_ink	#455E60	muted_jade	#65A78F	GX	R	signature60-82_aux18-40_other0
skill.strategic.wind_demon_pull.visual	skill.strategic.wind_demon_pull	root	G-C	SW	wind_graygreen	#688270	dry_grass_amber	#B58B4E	GX	R	signature60-82_aux18-40_other0
skill.character.seojin.3.turtle_ship_cannon_zone.visual.base	skill.character.seojin.3.active_3.turtle_ship_assault	typed_child	I-X+G-F	SJ	seojin_navy	#294A68	artillery_rust	#C65743	G3	R	signature50-72_aux25-47_other0
